Hadoop ,"Hadoop,kafka,Spark",NULL,北京-海淀区,NULL,5-10年经验,本科,20000-30000,NULL,NULL,NULL,"
                            1.基于hadoop,spark,kafka.mangoDB进行开发分布计算业务；,2.进行数据处理，熟悉java编程，掌握Linux操作系统，熟悉shell等脚本编程；,3.在spark相关项目中应用java或python语言经验者优先；,4.3年以上相关经验；
                            ",文思海辉技术有限公司,IT软件,NULL,已上市,10000人以上,NULL,2017/03/29,BOSS直聘,https://www.zhipin.com/job_detail/1410735115.html
spark开发工程师 ,"MySQL,数据仓库,数据库开发",NULL,北京-朝阳区,NULL,3-5年经验,本科,20000-30000,NULL,NULL,"带薪年假,年度旅游,免费零食,美女如云,扁平管理,领导nice,移动互联网,公司氛围好","
                            岗位描述：,1. 负责数据仓库和大数据处理模块的架构设计和开发；,2. 实现基于Spark框架的分布式计算框架的开发；,3. Spark技术研究和通用数据平台的性能调优；,4. 负责大数据项目中，基于kafka、flume、spark streaming、Spark SQL等相关技术的海量数据的处理、分析、统计、挖掘工作；, ,岗位要求：,1. 熟悉Spark相关技术，至少有1年以上Spark开发经验；,2. 熟悉Scala，Java语言，有丰富的分布式编程经验；,3. 熟悉Spark Streaming和Spark SQL。对Scala原理、底层技术有深入研究者优先；,4. 有推荐系统、数据挖掘、机器学习、自然语言处理等领域的理论基础和研发经验优先；,5. 有过海量数据系统开发经验者优先；,6. 较强的分析、动手解决技术问题能力。
                            ,映客全民直播",北京蜜莱坞网络科技有限公司,移动互联网,NULL,B轮,500-999人,NULL,2017/03/27,BOSS直聘,https://www.zhipin.com/job_detail/1410712969.html
高级spark开发工程师 ,"数据库开发,Spark,数据库",NULL,北京-朝阳区,NULL,3-5年经验,本科,26000-35000,NULL,NULL,"年终分红,免费零食,美女如云,扁平管理,领导nice,公司氛围好,带薪年假,年度旅游","
                            岗位描述：,1. 负责数据仓库和大数据处理模块的架构设计和开发；,2. 实现基于Spark框架的分布式计算框架的开发；,3. Spark技术研究和通用数据平台的性能调优；,4. 负责大数据项目中，基于kafka、flume、spark streaming、Spark SQL等相关技术的海量数据的处理、分析、统计、挖掘工作；, ,岗位要求：,1. 熟悉Spark相关技术，至少有3年以上Spark开发经验；,2. 熟悉Scala，Java语言，有丰富的分布式编程经验；,3. 熟悉Spark Streaming和Spark SQL。对Scala原理、底层技术有深入研究者优先；,4. 有推荐系统、数据挖掘、机器学习、自然语言处理等领域的理论基础和研发经验优先；,5. 有过海量数据系统开发经验者优先；,6. 较强的分析、动手解决技术问题能力。
                            ,全都是一线互联网大牛 技术氛围好 发展空间 创业激情 拥抱用户",北京蜜莱坞网络科技有限公司,移动互联网,NULL,B轮,500-999人,NULL,2017/03/08,BOSS直聘,https://www.zhipin.com/job_detail/1407383284.html
分布式研发专家-大数据-hadoop/spark/hbase ,"Hadoop,后端开发,Java",NULL,北京-朝阳区,NULL,3-5年经验,本科,18000-36000,NULL,NULL,NULL,"
                            构建分布式大数据云服务，并且参与到社区建设。深入源码内核改进优化开源项目，解决源码级别问题。 ,需要注意的是：不是使用组件，是研发hadoop、spark、hbase组件，深入修改内核，需要较强的分布式理论及编码能力。,岗位要求：,1、计算机或相关专业本科以上学历（3年以上工作经验）,2、精通C++/Java/Scala程序开发(至少一种)，熟悉Linux/Unix开发环境,3、熟悉常用开源分布式系统，精通Hadoop/Spark/HBase/ES之一源代码尤佳,4、熟悉数据库或者数据仓库理论,5、具有良好的沟通协作能力，具有较强的分享意愿,6、高抗压能力，故障面前临危不乱，困难面前勇于挑战,具体事项：,1、研究开源大数据组件，改进性能、功能，提出创新性点，反馈给社区。成为领域专家。,2、解决各种客户hadoop、spark、hbase等疑难杂症,3、宣传技术，编写博客，在内外部分享大数据技术，成为技术大牛,可以看下这个：,分布式面试指南：https://yq.aliyun.com/articles/67000,hadoop学习之路：https://yq.aliyun.com/articles/28400,如果已经有一定的火候，果断联系我。 ,面试是：面试+笔试哦！加油！,长期有效！！！
                            ",阿里云计算有限公司,互联网,NULL,已上市,1000-9999人,NULL,2017/02/14,BOSS直聘,https://www.zhipin.com/job_detail/1406984188.html
spark，hadoop推荐算法 ,"Hadoop,Java,Spark",NULL,北京-朝阳区,NULL,3-5年经验,本科,20000-40000,NULL,NULL,"美女多,美女如云,免费零食,领导好,公司氛围好","
                            岗位描述：,1. 负责数据仓库和大数据处理模块的架构设计和开发,2. 实现基于spark框架的分布式计算框架的开发,3. Spark技术研究和通用数据平台的性能调优,4. 负责大数据项目中，基于kafka、flume、spark streaming、spark SQL 等相关技术的海量数据的处理、分析、统计、挖掘工作。,任职要求：                                                      ,1. 熟悉spark相关技术，至少有1年以上spark开发经验；,2. 熟悉scala、java语言，有丰富的分布式编程经验,3. 熟悉spark streaming和spark SQL，对scala原理、底层技术有深入研究者优先,4. 有推荐系统、数据挖掘、机器学习、自然语言处理等流域的理论基础和研发经验优先,5. 有过海量数据系统开发经验者优先,6. 较强的分析、动手解决技术问题能力,7.具有推荐系统相关工作经验，精通推荐系统算法；,8.具有海量数据处理相关工作经验，熟悉Spark/Hadoop/hive/Hbase/MongoDB,9.熟练操作Linux，熟悉Java或Python语言,10.有自然语言处理技术相关经验者优先
                            ,具有创意和执行力的年轻团队,对移动互联网的热爱使他们走在了一起。他们将贯彻聆科网络认真、高品质和对细节追求的工作态度,为客户创造更多的移动互联网价值。",北京你我一起科技有限公司,互联网,NULL,未融资,100-499人,NULL,2017/03/09,BOSS直聘,https://www.zhipin.com/job_detail/1410412233.html
爬虫工程师 ,java爬虫,NULL,北京-昌平区,NULL,1-3年经验,本科,10000-20000,NULL,NULL,NULL,"
                            技术要求：, - JAVA, - Python, - 爬虫开发经验（比如scrapy、selenium+phantomjs等）, 加分项：, - 爬虫集群搭建经验, - HDFS、HBASE、HIVE、Sqoop、hue、Spark等
                            ",北京明略软件系统有限公司,数据服务,NULL,B轮,100-499人,NULL,2017/03/16,BOSS直聘,https://www.zhipin.com/job_detail/1410537093.html
数据处理总监（Spark经验） ,"MySQL,数据处理,数据架构",NULL,北京-海淀区,NULL,5-10年经验,本科,20000-30000,NULL,NULL,"领导nice,公司氛围好,带薪年假,移动互联网,互联网金融,股票期权,扁平管理,地铁周边","
                            岗位职责：,1、负责大数据平台构架规划和实施，满足业务发展需要；,2、管理和指导大数据处理团队；,3、建立现有沉淀数据的数据画像，参与确定征信发展方向；,4、与商务对接需求数据；,5、上级交办的其他任务。, ,任职要求：,1、本科及以上学历，计算机及相关专业优先；,2、熟悉分布式系统架构，有分布式系统架构设计经验；,3、熟悉数据爬取和数据处理；,4、熟练掌握c++、java、python中一种编程语言；,5、深入掌握Hadoop大数据处理平台技术，并有丰富的实践经验；,6、有团队管理经验，有良好的沟通技巧，分析分析和解决问题的能力。
                            ,央行批准的第一批可以从事个人征信业务的民营企业，6大上市公司股东，共同见证中国征信的明天。",考拉征信服务有限公司,互联网,NULL,A轮,100-499人,NULL,2017/03/30,BOSS直聘,https://www.zhipin.com/job_detail/1410774909.html
kafka技术工程师 ,"kafka,Hadoop,Hbase",NULL,北京-朝阳区,NULL,3-5年经验,本科,10000-15000,NULL,NULL,"免费零食,地铁周边,领导nice,扁平管理,移动互联网","
                            职位描述：,1、负责kafka集群的搭建工作；,2、负责Kafka消息队列及hdfs等开发工作；,3、撰写设计及开发文档；,任职资格：,1)至少3年以上java工作经验；,2)有Kafka技术的集群经验；,3)了解kafka架构及原理，参与过至少3个以上的kafka开发项目；,4)有其他大数据技术如hadoop、hbase、hive，Solr，Spark，Storm开发经验者优先；,5)工作主动、抗压能力强，具有团队精神；
                            ,氛围好",中软国际科技服务有限公司,IT软件,NULL,已上市,10000人以上,NULL,2017/03/30,BOSS直聘,https://www.zhipin.com/job_detail/1410775876.html
Java高级工程师 ,"Hadoop,后端开发,Java",NULL,北京-NULL,NULL,3-5年经验,本科,12000-20000,NULL,NULL,NULL,"
                            1、熟悉SpringMvc,SpringBoot,RESTful相关技术,2、熟悉大数据开发HADOOP,HBASE,SPARK相关技术,3、工作积极热情,正规本科学历，3年以上工作经验
                            ",北京上元信安技术有限公司,互联网,NULL,A轮,20-99人,NULL,2017/03/22,BOSS直聘,https://www.zhipin.com/job_detail/1407371619.html
Hadoop/Hbase开发 ,"Hadoop,Spark",NULL,北京-NULL,NULL,NULL,不限,17000-34000,NULL,NULL,NULL,"
                            岗位职责： ,1、 HBase数据仓库的搭建、优化及维护。Hadoop 集群维护及开发； ,2、根据业务需要为HBase数据仓库的实现提供支持； ,3、 参与基于Hadoop Map/Reduce 的项目开发。 ,任职资格： ,1、 2年以上相关工作经验，计算机相关专业。 ,2、熟悉Hadoop、HBase、Zookeeper 、Storm 、Spark等分布式框架； ,3、熟悉RabbitMQ、Kafka等分布式消息队列； ,4、具备两个以上的分布式系统的设计、开发、调优及运维/运营经验，相关系统在线上至少稳定运行1年以上； ,5、有分布式项目开发经验者优先，有生产系统调优经验者优先。
                            ",北京点石经纬科技有限公司,互联网,NULL,B轮,100-499人,NULL,2017/12/29,BOSS直聘,https://www.zhipin.com/job_detail/1406113733.html
spark研发工程师 ,"Hadoop,Java,Spark",NULL,北京-海淀区,NULL,3-5年经验,本科,15000-30000,NULL,NULL,"股票期权,领导nice,移动互联网,公司氛围好,带薪年假,学习型团队","
                            1.负责spark平台的搭建与维护工作。,2.负责基于spark平台的研发与维护工作。,3.负责spark平台与研发系统的性能优化工作。,具有算法研发经验优先。,熟悉酒店pms数据经验者优先。
                            ,众荟是国内首个酒店业全数据平台。慧评事业部依托住前、住中、住后数据为酒店提供全方位的数据智能产品和服务，帮助酒店提高数据化运营能力。慧评研发部主要承担大数据研发、应用研发、项目管理、质量管理工作。团队成员年轻有朝气，团队文化是持续学习。我们奔着目标，每天都要学习，每天都在持续进步。",北京众荟信息技术股份有限公司,移动互联网,NULL,已上市,100-499人,NULL,2017/01/22,BOSS直聘,https://www.zhipin.com/job_detail/1401635283.html
Hadoop/HBase研发工程师 ,"Hadoop,Java,Hbase",NULL,北京-朝阳区,NULL,3-5年经验,本科,18000-30000,NULL,NULL,NULL,"
                            工作职责：,1、负责Hadoop/HBase集群的大规模、高可用和稳定性开发工作,2、完善Hadoop/HBase监控，参与HBase 制定化开发,3、跟进Hadoop/HBase新特性，保持和社区同步,任职要求：,1、本科或以上学历，计算机专业优先,2、熟悉Java， shell ， python,3、熟悉Hadoop/HBase/Zookeeper,4、喜欢coding， 热爱探索和钻研，参与过开源软件开发或者给某个开源项目提过BUG者优先
                            ",北京京东尚科信息技术有限公司,电子商务,NULL,已上市,10000人以上,NULL,2017/02/13,BOSS直聘,https://www.zhipin.com/job_detail/1406511141.html
HBase高级工程师 ,"数据分析,数据仓库,Linux",NULL,北京-NULL,NULL,3-5年经验,硕士,18000-30000,NULL,NULL,NULL,"
                            岗位职责：,1. 负责根据业务需求设计hadoop、hbase和spark解决方案，为业务开发人员供支持；,2. 指导并参与运维系统核心代码的编写、模块开发、系统优化和技术攻关；,3. 组织研究行业应用领域最新技术发展方向，主持制定技术发展战略规划，并组织实施、监督；,4. 负责提供解决hadoop、hbase、spark平台开发与运维问题的总体思路；,5. 为大数据团队提供技术指导，组织技术培训；,6. 把握hadoop、hbase和saprk等大数据技术研究方向，跟进社区及主要商业版本的技术路线；,7. 负责flume，kafka，akka、storm等的框架整合；,8. 负责开发大数据分析及计算系统或平台；,9. 负责数据分析的算法开发；,任职资格：,1. 大学本科以上学历，计算机/软件工程等相关专业；,2. 一直从事大数据一线工作三年以上，两年以上架构师工作经验；,3. 具有主持大型或中型互联网系统开发、运维管理的成功案例；,4. 精通主流应用服务器，熟悉各种操作系统和开发环境；,5. 熟悉互联网、移动互联网、saas、云计算、大数据采集、存储；,6. 深入了解hadoop、hbase、spark等架构并且有实践经验者优先；,7. 有flume，kafka，akka、storm等架构的开发经验；,8. 熟悉数据结构和算法最好有社交关系计算模型的经验；,9. 掌握Scala、Java、python中至少两门编程语言；,10.有J2EE的开发经验，最好熟悉scala play框架；,11.具有较强的领导能力、敏锐的行业技术发展趋势把握能力和宏观分析判断决策能力、较强的组织管理能力、良好的人际关系协调和沟通能力；,12.具备良好的文档撰写能力、编写习惯.
                            ",微梦创科网络科技（中国）有限公司,社交网络,NULL,D轮及以上,1000-9999人,NULL,2017/02/17,BOSS直聘,https://www.zhipin.com/job_detail/1407074966.html
大数据spark开发工程师 ,"kafka,Hadoop,Spark",NULL,北京-朝阳区,NULL,1-3年经验,本科,10000-15000,NULL,NULL,NULL,"
                            职位描述：,1. 负责基于Hadoop/Spark生态系统的研发；,2. 负责基于Scala的Spark任务开发；,3. 负责Hadoop/Spark集群调优；,4. 负责对数据进行建模。,任职要求：,1. 本科及以上学历，计算机相关专业；,2. 熟悉大数据架构，具备大数据项目架构设计能力，有hadoop / Spark调优、统计学知识优先；,3. 熟练Hadoop/Spark实际操作经验，熟悉HDFS/YARN/Spark streaming/Spark mllib；,4. 熟悉Kafka/Akka/ZooKeeper/Flume，在开源社群活跃并有积极贡献者优先；,5. 精通Java/Scala之一，有丰富的分布式编程经验；,6. 优秀的分析及解决问题的能力,对解决具有挑战性问题充满激情，责任心强,有机器学习经验者优先。
                            ",北京龙腾佳讯科技股份公司,互联网,NULL,已上市,20-99人,NULL,2017/03/01,BOSS直聘,https://www.zhipin.com/job_detail/1407271040.html
Hadoop/Saprk/HBase开发工程师 ,"Hadoop,Spark,Hbase",NULL,北京-朝阳区,NULL,3-5年经验,本科,15000-30000,NULL,NULL,NULL,"
                            从事阿里云开源大数据服务相关工作
                            ",阿里云计算有限公司,互联网,NULL,已上市,1000-9999人,NULL,2017/03/02,BOSS直聘,https://www.zhipin.com/job_detail/1406446669.html
hbase大数据存储研发 ,"Hadoop,后端开发,Java",NULL,北京-朝阳区,NULL,NULL,本科,18000-36000,NULL,NULL,NULL,"
                            构建分布式大数据云服务，并且参与到社区建设。深入源码内核改进优化开源项目，解决源码级别问题。 ,需要注意的是：不是使用组件，是研发hadoop、spark、hbase组件，深入修改内核，需要较强的分布式理论及编码能力。,岗位要求：,1、计算机或相关专业本科以上学历（3年以上工作经验）,2、精通C++/Java/Scala程序开发(至少一种)，熟悉Linux/Unix开发环境,3、熟悉常用开源分布式系统，精通Hadoop/Spark/HBase/ES之一源代码尤佳,4、熟悉数据库或者数据仓库理论,5、具有良好的沟通协作能力，具有较强的分享意愿,6、高抗压能力，故障面前临危不乱，困难面前勇于挑战,具体事项：,1、研究开源大数据组件，改进性能、功能，提出创新性点，反馈给社区。成为领域专家。,2、解决各种客户hadoop、spark、hbase等疑难杂症,3、宣传技术，编写博客，在内外部分享大数据技术，成为技术大牛,可以看下这个：,分布式面试指南：https://yq.aliyun.com/articles/67000,hadoop学习之路：https://yq.aliyun.com/articles/28400,如果已经有一定的火候，果断联系我。 ,面试是：面试+笔试哦！加油！,长期有效！！！
                            ",阿里云计算有限公司,互联网,NULL,已上市,1000-9999人,NULL,2017/03/13,BOSS直聘,https://www.zhipin.com/job_detail/1406781802.html
hadoop/spark/hbase内核引擎研发 ,"Hadoop,后端开发",NULL,北京-朝阳区,NULL,NULL,本科,19000-38000,NULL,NULL,NULL,"
                            构建分布式大数据云服务，并且参与到社区建设。深入源码内核改进优化开源项目，解决源码级别问题。 ,需要注意的是：不是使用组件，是研发hadoop、spark、hbase组件，深入修改内核，需要较强的分布式理论及编码能力。,岗位要求：,1、计算机或相关专业本科以上学历（3年以上工作经验）,2、精通C++/Java/Scala程序开发(至少一种)，熟悉Linux/Unix开发环境,3、熟悉常用开源分布式系统，精通Hadoop/Spark/HBase/ES之一源代码尤佳,4、熟悉数据库或者数据仓库理论,5、具有良好的沟通协作能力，具有较强的分享意愿,6、高抗压能力，故障面前临危不乱，困难面前勇于挑战,具体事项：,1、研究开源大数据组件，改进性能、功能，提出创新性点，反馈给社区。成为领域专家。,2、解决各种客户hadoop、spark、hbase等疑难杂症,3、宣传技术，编写博客，在内外部分享大数据技术，成为技术大牛,可以看下这个：,分布式面试指南：https://yq.aliyun.com/articles/67000,hadoop学习之路：https://yq.aliyun.com/articles/28400,如果已经有一定的火候，果断联系我。 ,面试是：面试+笔试哦！加油！
                            ",阿里云计算有限公司,互联网,NULL,已上市,1000-9999人,NULL,2017/02/07,BOSS直聘,https://www.zhipin.com/job_detail/1406782042.html
hadoop ,"Hadoop,HTML/CSS,Java",NULL,北京-NULL,NULL,3-5年经验,本科,12000-16000,NULL,NULL,"弹性工作,五险一金,地铁周边,午餐补助,股票期权,有发展空间,带薪年假,扁平管理","
                            工作职责：,1、依据需求设计业务模型，完成相关接口、数据结构、工程结构、部署方案的设计；,2、负责ElasticSearch集群的配置优化及运维；,3、负责ElasticSearch上层应用开发；,4、根据产品的特性设计搜索规则，提升搜索效率；,5、对搜索算法进行优化，提高处理的准确性和性能。,技能及资质要求：,1、本科及以上学历，计算机专业背景；,2、有独立分析问题和解决问题的能力；,3、熟练掌握ElasticSearch，熟悉搜索引擎中的常用算法；,4、熟悉Java，熟悉常用的Hadoop组件(HBase)的使用者优先；,5、有ElasticSearch上层应用开发经验；,6、具有海量数据处理、高性能计算、大规模分布式系统开发等方面经验者优先；,7、有Redis/Memcache相关使用经验优先。
                            ,东海论坛是国内最大的手机资料论坛，注册会员超过500万，UV10万 ,是国内最全面、活跃度最高的手机资料平台。,在行业内深耕10余载，在国内及海外与25万家手机门店人员保持着长期合作。,p.s. 非创业型公司，公司有非常良好的盈利模式和现金流，不依赖融资，担心稳定性的小伙伴大可放心",北京新安信息技术有限公司,互联网,NULL,不需要融资,20-99人,NULL,2017/03/27,BOSS直聘,https://www.zhipin.com/job_detail/1410707432.html
Hadoop/Spark/Hive工程师 ,"Hadoop,hive,Spark",NULL,北京-NULL,NULL,1-3年经验,本科,20000-40000,NULL,NULL,"公司氛围好,不打卡,地铁周边,移动互联网,扁平管理,空气净化,免费吃住,常有高手培训","
                            （高级工程师或应届生）,若是应届生，待遇6-12k，985/211优先,优秀者待遇无上限，创业公司规矩少，调薪频繁幅度大。,要求,1. 思维清晰敏捷，逻辑分析能力强，学习能力强，具备较强的独立工作及处理突发事件的能力，有团队合作精神，能承受较大工作压力；,2.有良好的数据结构和算法基础。,岗位职责：,1. 研究业界最新的大数据技术，负责大数据系统的设计与开发,2. 组建及领导团队的机会,3. 为公司提供大数据存储、分析、计算支持,职位要求：,1、本科及以上学历，计算机相关专业；,2、熟悉Storm/Spark/Hbase/Hadoop/HIVE等分布式开源项目及其工作原理，并有实际开发经验。,3、熟悉Java语言，对分布式有深刻理解。,4、熟悉常用脚本语言shell, python等。,5、良好的学习研究能力和trouble shooting能力
                            ,CEO曾任经纬创投投资合伙人，主导投资15家公司，绝大部分为天使期项目，其中8家公司估值过亿美金，最高估值200亿RMB（上市）。他也是闪送、V大夫的产品策划者，2014-2015年带领两家公司从无到有完成两轮融资，估值过亿美金。,另两位合伙人来自百度（技术）和腾讯（运营），专业能力极为突出",北京小年糕互联网技术有限公司,移动互联网,NULL,A轮,20-99人,NULL,2017/02/22,BOSS直聘,https://www.zhipin.com/job_detail/1406619088.html
Hbase高级架构师 ,Hbase,NULL,北京-NULL,NULL,3-5年经验,本科,18000-35000,NULL,NULL,"扁平管理,带薪年假,年度旅游,免费零食,地铁周边,领导nice,移动互联网","
                            工作职责：,1、负责数据平台各系统（数据传输/计算/查询等）的架构与设计工作；,2、负责数据平台产品的服务规范和安全设计；,3、为业务应用提供平台级支持和服务。,任职要求：,1. 计算机或者相关专业本科及以上学历，有分布式数据处理系统的设计开发工作经验；,2. 熟悉Java服务端开发，熟悉JVM原理及内存管理，对数据结构与算法有深刻理解；,3. 熟悉Hadoop/YARN、HBase等分布式项目及工作原理，有Hbase底层源码贡献或阅读者优先；,4. 具有较强的团队意识与良好的沟通能力，高度的责任感，较强的学习能力以及快速解决问题的能力；,5. 有负责项目和带领技术团队的经验或能力者更佳。
                            ,汽车之家是一个唯一一个覆盖消费者所有购车需求的汽车网站。,团队3000多人，非常年轻，平均年龄28岁。,公司可以提供有竞争力的薪酬，全角度的福利，八险一金，带薪年假，年度体检，外出团建，各种等等。,还有买车优惠，无息贷款，爱心基金",北京车之家信息技术有限公司,互联网,NULL,已上市,1000-9999人,NULL,2017/02/27,BOSS直聘,https://www.zhipin.com/job_detail/1407226681.html
Hadoop ,"Hadoop,后端开发,Java",NULL,北京-NULL,NULL,NULL,本科,15000-25000,NULL,NULL,NULL,"
                            岗位职责：,1.负责海量数据处理分布式平台以及大数据分析系统的研发；,2.根据业务和产品情况对数据模型进行设计和开发，对数据模型进行优化；,3.负责业务需求的需求理解、数据开发，提供面向业务的数据服务；,4.应用大数据技术完成离线分析和实时数据分析工作；,岗位要求：,本科以上学历，具有2年以上JAVA和大数据相关研发经验；,精通hadoop平台，熟悉hive、spark、HBase等，熟悉数据挖掘策略与算法； ,拥有实际的Hadoop的项目经验，参与过大数据设计、分析，进行过实际开发工作；,数据控，善于发现问题、解决问题，有海量数据分析和统计相关经验者优先；,良好的团队合作，较强的沟通能力，对解决挑战型问题充满激情。
                            ",北京小米移动软件有限公司,互联网,NULL,D轮及以上,10000人以上,NULL,2017/03/26,BOSS直聘,https://www.zhipin.com/job_detail/1410691308.html
Hadoop大数据 ,"Hadoop,J2EE体系架构",NULL,北京-昌平区,NULL,1-3年经验,本科,10000-15000,NULL,NULL,NULL,"
                            工作职责：,1、在上级的领导和监督下定期完成量化工作要求；,2、能独立处理和解决所负责的任务；,3、学习能力强，工作热情高，富有责任感，在部门经理的指导下完成工作内容；,任职资格：,1、熟练掌握J2EE体系架构，具有Java EE等开发经验；,2、熟练掌握java开源框架，如struts2、spring、hibernate、ajax等；,3、精通web service理念，有相关设计、开发经验者优先；,4、熟练掌握Mysql、oracle、SQL Server等常用数据库，熟悉数据库建模，并具有很强数据库设计经验和SQL功底；,4、了解HADOOP大数据平台架构，熟悉HDFS/HBase/Hive/MapReduce，熟练掌握Mapreduce程序开发；,5、熟悉Hadoop或Spark，对Hdfs/Mapreduce/Hbase等软件有一定的研究，能解决Hadoop的复杂问题；,6、乐观、自信、富有激情，有明确职业目标和良好学习能力，关注行业的最新发展和动向；,7、逻辑思路清晰，较强的创新能力，有良好的计划和执行能力,8、有培训经验的优先考虑
                            ",北京渥瑞达科技发展有限公司,教育培训,NULL,A轮,100-499人,NULL,2017/03/24,BOSS直聘,https://www.zhipin.com/job_detail/1410634743.html
Spark高级研发工程师 ,Spark,NULL,北京-海淀区,NULL,3-5年经验,本科,25000-50000,NULL,NULL,NULL,"
                            岗位要求：,计算机或相关专业本科以上学历 ；,熟悉Spark Streaming和Spark SQL；,熟悉Linux/Unix平台上的Java、python、scala、C++编程，熟悉常用脚本语言；,熟悉分布式系统设计范型，有大规模系统设计和工程实现的经验 ；,对大数据、机器学习有强烈的兴趣；对技术创新有热情和激情；具有良好的自学能力；,良好的团队合作精神，较强的沟通能力；,具有以下条件者优先 ：,有Spark平台、Hadoop平台开发经验者优先 ；,精通Scala语言，对Scala原理、底层技术有深入研究者优先；,1有MLlib/mahout开发经验者优先；,1熟悉聚类、分类、回归，LR，SVM等机器学习算法者优先。,岗位职责：,负责spark计算平台的算法优化和开发；,负责基于Spark技术的海量数据处理，分析和挖掘；,基于Spark构建业界领先的计算平台。
                            ",腾讯科技（深圳）有限公司,互联网,NULL,已上市,10000人以上,NULL,2017/02/18,BOSS直聘,https://www.zhipin.com/job_detail/1407022548.html
HBase资深工程师/技术专家 ,"Hadoop,Java,Hbase",NULL,北京-NULL,NULL,3-5年经验,本科,20000-40000,NULL,NULL,NULL,"
                            职位诱惑：,源码研发,大牛坐镇,业务爆发,独角兽公司股票期权,带薪年假,年度旅游,年终分红,公司氛围好,领导nice,职位描述：,1、构建分布式大数据服务平台，参与和构建公司包括海量数据存储、离线/实时计算、实时查询，大数据系统运维等系统,2、服务各种业务需求，服务日益增长的业务和数据量,3、深入源码内核改进优化开源项目，解决各种hadoop、spark、hbase疑难问题，参与到开源社区建设和代码贡献,岗位要求：,1、计算机或相关专业本科以上学历（3年以上工作经验）,2、精通C++/Java/Scala程序开发(至少一种)，熟悉Linux/Unix开发环境,3、熟悉常用开源分布式系统，精通Hadoop/Hive/Spark/Storm/Flink/HBase之一源代码,4、有大规模分布式系统开发、维护经验，有故障处理能力，源码级开发能力,5、具有良好的沟通协作能力，具有较强的分享精神,6、对Kudu、Kylin、Impala、ElasticSearch，github等系统有深入使用和底层研究者加分
                            ",北京嘀嘀无限科技发展有限公司,互联网,NULL,D轮及以上,1000-9999人,NULL,2017/02/09,BOSS直聘,https://www.zhipin.com/job_detail/1406921416.html
hbase开发工程师 ,"Linux,Java,数据库开发",NULL,北京-NULL,NULL,3-5年经验,本科,18000-30000,NULL,NULL,"带薪年假,领导nice,电子商务,大数据,万台服务器","
                            职位诱惑：,挑战海量数据下的HBase系统稳定/安全/高效,职位描述：,工作职责：,1、负责Hadoop/HBase集群的大规模、高可用和稳定性开发工作,2、完善Hadoop/HBase监控，参与HBase 制定化开发,3、跟进Hadoop/HBase新特性，保持和社区同步,任职要求：,1、硬件要求：本科或以上学历，计算机专业优先，单份工作经验满2年,2、熟悉Java， shell ， python,3、熟悉Hadoop/HBase/Zookeeper,4、喜欢coding， 热爱探索和钻研，参与过开源软件开发或者给某个开源项目提过BUG者优先
                            ,大数据平台，最前沿的hadoop，hbase，spark分布式技术，挑战海量数据下的系统稳定.",北京京东尚科信息技术有限公司,电子商务,NULL,已上市,10000人以上,NULL,2017/03/28,BOSS直聘,https://www.zhipin.com/job_detail/1407251959.html
HBase架构师 ,"Hadoop,数据架构,Hbase",NULL,北京-海淀区,NULL,3-5年经验,本科,20000-35000,NULL,NULL,NULL,"
                            工作职责：,1、负责大数据集群的规划、架构及设计工作；,2、负责Hbase集群稳定和推广,为业务应用提供平台级支持和服务；,2、持续跟进业务需求和服务特性，解决业务遇到的疑难杂症；, ,任职要求：,1. 本科或以上学历，计算机专业优先,2. 有大规模HBase集群管理维护与优化经验。,3. 熟悉HBase分布式项目及工作原理，有Hbase底层源码贡献或阅读者优先；,4．熟悉Java，掌握高性能程序设计方法，有高并发应用开发经验。,5．具有较强的团队意识与良好的沟通能力，高度的责任感，较强的学习能力以及快速解决问题的能力。
                            ",北京车之家信息技术有限公司,互联网,NULL,已上市,1000-9999人,NULL,2017/03/31,BOSS直聘,https://www.zhipin.com/job_detail/1410794644.html
Hadoop开发工程师 ,"Hadoop,Java",NULL,北京-海淀区,NULL,3-5年经验,本科,25000-35000,NULL,NULL,NULL,"
                            【职位描述】,1、参与公司数据仓库架构设计与研发，建设PB级的公共数据平台和服务系统，实现高质量数据的互通与共享；,2、参与公司数据产品与应用的数据研发，发觉数据商业价值，打造极致体验的数据产品；,3、助力数据化运营业务，构建丰富多样的BI应用。,【任职要求】,1、有过大数据量下的经验，至少每日新增日志条数10亿+，新增文件大小300G+；,2、擅长sql，能用已知sql下的所有功能，解决当下问题，如果sql不满足能开发相应函数满足要求；,3、对spark、hadoop、kafka有深入了解，了解其运行机制、阅读过源码、能结合业务需求找到最优的解决方案；,4、Java或者python功底深厚，能写出优雅的代码；,5、在机器学习方面有自己的理解，能结合当前业务找到最优的解决方案。,6、极强的责任心和抗压能力。
                            ",北京拜克洛克科技有限公司,互联网,NULL,D轮及以上,500-999人,NULL,2017/03/31,BOSS直聘,https://www.zhipin.com/job_detail/1410789015.html
spark高级研发工程师 ,"Java,scala,Spark",NULL,北京-NULL,NULL,3-5年经验,本科,22000-26000,NULL,NULL,"领导nice,年度旅游,地铁周边,带薪年假,互联网金融,公司氛围好,扁平管理","
                            接收简历邮箱：bingjava#163.com（请将#换成@）,工作职责：,1、对大数据平台相关技术进行深入研究及研发。,2、负责大数据平台spark技术的应用、研发、集成及调优。,技术要求：,1、计算机相关专业，4年以上j2ee开发\设计经验。,2、深入掌握java技术：包括JVM原理、多线程、NIO、集合等技术。,3、熟悉scala语言及spark平台，有过生产环节spark研发的项目经验。,接收简历邮箱：bingjava@163.com
                            ,负责高并发、大数据应用场景的中间件产品技术研发。包括但不限于分布式消息中间件、分布式缓存、分布式计算等。",深圳市赢时胜信息技术股份有限公司,IT软件,NULL,已上市,1000-9999人,NULL,2017/03/05,BOSS直聘,https://www.zhipin.com/job_detail/1407133716.html
Hadoop ,"Hadoop,Linux,Java",NULL,北京-西城区,NULL,1-3年经验,本科,10000-13000,NULL,NULL,NULL,"
                            岗位职责：,1.参与大数据和虚拟化平台产品的定制开发。,2.负责mapreduce、sparkstreaming计算框架开发,3.负责Hive数据仓库和ETL流程的基本开发。,岗位要求：,1.计算器相关专业，两年以上实际工作经验 。,2.熟练掌握java编程，熟悉shell、python、scala等一门及一门以上脚本语言，并灵活运用到实际工作中。熟练使用常用算子。,3.熟悉Hadoop，Hive，Hbase，Spark，Flume，Kafka等至少三种大数据处理技术，并有实际处理和常规优化经验。,4.至少熟悉Mysql、Oracle其中一种数据库。,5.具有一定的数据敏感性，有较强的业务转化思维。,6.熟悉华为大数据产品者优先。,7.熟悉ETL和BDI者优先。,8.具备数据分析能力者优先。
                            ",北京中软国际科技服务有限公司,IT软件,NULL,已上市,10000人以上,NULL,2017/03/24,BOSS直聘,https://www.zhipin.com/job_detail/1410677261.html
hadoop运维-六险一金 ,"Hadoop,Linux,运维",NULL,北京-海淀区,NULL,3-5年经验,大专,15000-23000,NULL,NULL,"公司氛围好,扁平管理,领导nice,美女如云,带薪年假,六险一金,工作居住证,地铁周边","
                            1、HADOOP集群安装、集群节点维护；,2、负责Hadoop/Hbase/等系统的架构审核、业务监控、持续交付、应急响应；,3、对hadoop原理有深刻认识，熟悉相关产品（MapReduce、HDFS、Hbase、Hive、Sqoop、Zookeeper、spark等）,4、熟悉Linux操作系统，包括系统操作，脚本编写，以及核心参数调整；,5、有JAVA开发经验者优先;,6、三年以上相关经验；
                            ,这里有资深的技术大牛，有年轻漂亮的白富美，扁平化管理，无限的发展空间。公司是高新技术企业，提供六险一金，可办理工作居住证，带薪年假，周末双休，节日福利等等，一切都已准备好，坐等大神们的到来！",同方鼎欣科技股份有限公司,IT软件,NULL,不需要融资,1000-9999人,NULL,2017/4/1,BOSS直聘,https://www.zhipin.com/job_detail/1410799017.html
spark大数据工程师 ,"Spark,python",NULL,北京-海淀区,NULL,1-3年经验,本科,20000-30000,NULL,NULL,"带薪年假,不打卡,扁平管理,免费零食,移动互联网,领导nice,地铁周边,公司氛围好","
                            职位描述：,1. 负责数据仓库和大数据处理模块的设计和开发；,2. 负责基于Spark技术的海量数据的处理、分析、统计、挖掘工作；,3. 基于Spark框架的数据仓库的设计，开发，维护；,4. 根据需求使用Spark Streaming和Spark SQL进行数据处理、查询、统计等工作。,职位要求：,1. 熟悉Spark相关技术，至少有1年的Spark开发经验；,2. 熟悉python语言,熟悉Linux/Unix开发环境；,3. 熟悉Spark Streaming和Spark SQL；,4. 对机器学习有基本了解，了解分类、聚类，了解LR、SVM等；,5. 有过海量数据系统开发经验者优先；,6. 有HBase、Kafka、ES(ELK)、zookeeper、Flume等经验者优先。
                            ,tataUFO创立于2012年的北京大 学校园,目前用户数已超过500万,拥有高占比的全国及海外1200多所高校的在校生群体及毕业后的年轻人群体,是国内最大 的年轻人专属的社交平台。 tataUFO 专注于快速连接优质年轻人,为当下新锐的酷青年们构建一个真实、亲密、干净的好友关系网络。",北京朗势科技有限公司,移动互联网,NULL,B轮,20-99人,NULL,2017/03/31,BOSS直聘,https://www.zhipin.com/job_detail/1410777797.html
Hadoop ,"Hadoop,Java",NULL,北京-海淀区,NULL,5-10年经验,大专,15000-30000,NULL,NULL,"公司氛围好,地铁周边,领导nice,移动互联网,带薪年假","
                            1.基于hadoop、spark等构建数据分析平台，进行设计、开发分布式计算业务；,2.根据需求使用Spark Streaming和Spark SQL进行数据处理、查询和统计等工作；,3.熟悉Java IO, 多线程编程， 熟悉JVM运行机制和内存管理，网络协议，熟练掌握Linux操作系统，熟悉shell等脚本编程；在Spark相关项目中应用Java或Python语言的经验者优先； ,4.3年及以上相关经验，有良好的语言沟通能力，能够协调团队成员及相关部门开展分工及合作
                            ,公司氛围好，同事友好，工作轻松，福利待遇也好，上下班有专车接送，交通便利……",文思海辉技术有限公司,IT软件,NULL,已上市,10000人以上,NULL,2017/03/27,BOSS直聘,https://www.zhipin.com/job_detail/1410698446.html
Java开发 spark ,"Hadoop,Java,Spark",NULL,北京-西城区,NULL,3-5年经验,本科,10000-15000,NULL,NULL,"美女如云,公司氛围好","
                            职位描述：,移动健康产品的Java web后台开发。有3年工作经验,工作内容：,1. 负责项目的后台和接口开发各项工作；,2. 负责核心业务平台的开发、优化和重构工作。有2年工作经验者优先,3. 数据hadoop/spark技术和大数据处理工作。有1年工作经验者优先,职位要求：,1. 具有2年以上Java后台或者接口开发经验，熟悉 Java 核心 API； ,2. 熟悉J2EE相关技术，有Web 项目开发经验；,3. 熟悉Java多线程及并发技术、了解高性能应用的设计与编码及性能调优；,4. 熟悉关系型数据库，熟练掌握 SQL 语句操作；,5. 熟悉SpringMVC+MyBatis架构，熟悉 MySQL、HTML5、CSS3和jQuery；,6. 具有独立、灵活解决问题的能力。,7. 熟悉spark生态相关的技术。
                            ,团队协作力极强,领导组织能力更高",同方鼎欣科技股份有限公司,IT软件,NULL,不需要融资,1000-9999人,NULL,2017/03/28,BOSS直聘,https://www.zhipin.com/job_detail/1410732112.html
Hadoop ,Hadoop,NULL,北京-东城区,NULL,1-3年经验,本科,18000-30000,NULL,NULL,"扁平管理,公司氛围好","
                            工作内容：,维护hadoop集群,集群下的项目开发和管理,数据报表平台的的开发,要求：,三年以上hadoop管理和开发经验,较了解mysql等数据库,java或php开发能力,较了解spark elk
                            ,团队高管及成员均来自于国内外一线公司，例如：Facebook，Instagram,   Airbnb，Hulu, 微软美国，微软亚洲研究院，昆仑万维，奇虎360，58同城，腾讯等。部分团队成员毕业于哥伦比亚大学、麻省理工、清华大学、北京大学、中科院、上海交大、中科大等。,Talk is cheap, show me the code",北京全民快乐科技有限公司,社交网络,NULL,B轮,100-499人,NULL,2017/03/30,BOSS直聘,https://www.zhipin.com/job_detail/1410772124.html
spark兼职讲师 ,"Hadoop,Spark",NULL,北京-NULL,NULL,3-5年经验,本科,5000-10000,NULL,NULL,"地铁周边,领导nice,扁平管理,公司氛围好,移动互联网,免费零食,电子商务","
                            职位描述：,1、配合教学总监研发符合市场需求的课程体系,2、配合数据分析项目课程研发和后期优化；,3、配合教学总监完成相关教学资料（实训大纲、教学 PPT 、教学案例等）的研发工作,4、按照课程体系、教学大纲高质量完成网络授课,任职要求：,1. 熟悉Spark相关技术，有2年以上的Spark开发经验；,2. 熟练使用Java、Scala语言；,3. 有Spark Streaming和Spark SQL、Spark Mllib项目经验,4. 有优良的Trouble Shooting能力；,5. 有过海量数据系统开发经验者优先；,6. 在开源社群活跃并有积极贡献者优先。,工作地址
                            ,大讲台自适应学习系统由北京大讲台科技有限公司研发设计完成，拥有独立自主的知识产权。大讲台科技于2015年2月成立，团队成员中既有来自百度、阿里巴巴、华为、腾讯等知名互联网公司的技术研发大牛，也有来自IT职业教育领域上市公司的资深高管。",北京大讲台科技有限公司,互联网,NULL,天使轮,0-20人,NULL,2017/03/29,BOSS直聘,https://www.zhipin.com/job_detail/1410745169.html
Hadoop开发 ,Hadoop,NULL,北京-海淀区,NULL,1-3年经验,本科,10000-15000,NULL,NULL,NULL,"
                            中行电商项目组,1 必须13年或之前毕业的本科（学历学信网可查）,2 Hadoop相关项目经验两年左右。,3 最好偏spark。
                            ",软通动力信息系统服务有限公司,IT软件,NULL,已上市,10000人以上,NULL,2017/03/30,BOSS直聘,https://www.zhipin.com/job_detail/1410760704.html
Hadoop工程师 ,"Linux,Python",NULL,北京-NULL,NULL,1-3年经验,本科,15000-30000,NULL,NULL,NULL,"
                            2年以上工作实战开发经验；,熟悉 Java 或 Python，熟悉 Linux，熟悉 Hadoop Stack、Spark、Storm等技术；,熟悉 HDFS、YARN、HBase、Hive 等原理和参数调优；,具有针对具体业务场景，快速设计和实现的代码能力，自身对工程质量有高要求；,具有良好的数据分析意识和产品意识，能够从海量数据中发现有价值的规律；,对大数据、机器学习有强烈的兴趣；,对技术创新有热情和激情，具有良好的自学能力；
                            ",北京严肃科技有限公司,电子商务,NULL,C轮,100-499人,NULL,2017/03/31,BOSS直聘,https://www.zhipin.com/job_detail/1410794739.html
SQLServer ,"精通SQL,Hive,sparkSQL开发",NULL,北京-西城区,NULL,1-3年经验,本科,14000-15000,NULL,NULL,"美女如云,领导nice,带薪年假,公司氛围好,不打卡","
                            职位要去：,1. 具备1年以上数据库开发经验，精通SQL，具备使用Hadoop 进行过hive、sparkSQL开发经验；,       2. 有电信行业业务背景，熟悉中国电信省份ODS系统或CRM系统模型者优先。
                            ,我们的团队是一个年轻的团队，我们的团队是个充满朝气的团队，如果你够优秀观迎你的加入",亚信科技（中国）有限公司,IT软件,NULL,已上市,10000人以上,NULL,2017/03/20,BOSS直聘,https://www.zhipin.com/job_detail/1410586490.html
稽核调度工程师 ,"大数据,Java,Spark",NULL,北京-NULL,NULL,3-5年经验,本科,15000-30000,NULL,NULL,NULL,"
                            1、熟悉Hadoop、HBASE、Hive、Spark等分布式计算平台，有两年以上大数据实际项目开发经验；,2、精通java语言，数据结构，网络编程；,3、熟练使用redis、zookeeper,4、熟练使用Spark-Streaming和spark-sql，有实际开发经验。,5、能够进行前端开发可作为附加分
                            ",亚信科技（中国）有限公司,IT软件,NULL,已上市,10000人以上,NULL,2017/03/08,BOSS直聘,https://www.zhipin.com/job_detail/1410393534.html
数据仓库 ,"数据仓库,ETL,数据架构",NULL,北京-大兴区,NULL,3-5年经验,本科,30000-50000,NULL,NULL,NULL,"
                            1.有丰富的数据仓库建设经验,2.精通关系型数据库使用,3.熟练掌握shell,python或其他脚步语言的使用,4.熟悉Hadoop,hive等大数据技术,5.精通数据仓库整体架构,数据仓库模型设计及运营管理,6.简历投递地址：,gongjingcai@jd.com,13811650262@139.com
                            ",北京京东尚科信息技术有限公司,电子商务,NULL,已上市,10000人以上,NULL,2017/03/29,BOSS直聘,https://www.zhipin.com/job_detail/1410754347.html
算法工程师 ,"Hadoop,数据挖掘,python爬虫",NULL,北京-朝阳区,NULL,3-5年经验,本科,20000-40000,NULL,NULL,NULL,"
                            职位描述,1. 配送订单实时调度算法优化,2. 调度仿真系统优化,3. 调度新模式探索,职位要求,1. 2年以上工作经验，熟悉运筹优化领域的主要理论工具和常用的解决方法,2. 具备较强的业务理解和数学建模能力，能快速理解问题、抽象并设计解决方案,3. 对数据敏感，能够从数据中发现问题并追踪原因,4. 良好开发能力（SQL/Java/Python/R/Scala等）熟悉大数据开发平台（Hadoop/Hive/Spark/Storm),5. 拥有实际工业场景的运筹优化项目经验优先
                            ",北京三快在线科技有限公司,O2O,NULL,D轮及以上,10000人以上,NULL,2017/4/1,BOSS直聘,https://www.zhipin.com/job_detail/1410806766.html
深度学习 ,"数据分析,深度学习,算法",NULL,北京-通州区,NULL,5-10年经验,硕士,20000-40000,NULL,NULL,NULL,"
                            1.熟悉大规模数据的机器学习算法,2.熟悉hadoop/hive/mapreduce/spark的使用,3.熟悉java/c++/python/shell中的三项,4.有搜索引擎、推荐系统、广告系统等线上系统的开发、调参经验的优先,5.具有机器学习特征工程经验的优先
                            ",北京京东尚科信息技术有限公司,互联网,NULL,NULL,10000人以上,NULL,2017/03/24,BOSS直聘,https://www.zhipin.com/job_detail/1410668161.html
数据处理工程师 ,"数据分析,数据仓库,Hive",NULL,北京-海淀区,NULL,NULL,本科,15000-30000,NULL,NULL,NULL,"
                            负责公司爬虫数据处理、清洗、整合,负责大数平台数据分析、机器学习算法研究,Hadop、mr. hive. Spark等三年以上相关经验,熟悉python脚本，有过Bi相关经验,熟悉数据挖掘常用算法,对greenplum有相关经验
                            ",北京星河金服科技有限公司,金融,NULL,B轮,500-999人,NULL,2017/03/31,BOSS直聘,https://www.zhipin.com/job_detail/1410777792.html
大数据工程师 ,"Hadoop,Spark",NULL,北京-海淀区,NULL,5-10年经验,本科,15000-22000,NULL,NULL,"股票期权,带薪年假,年度旅游,领导nice,移动互联网,公司氛围好,扁平管理","
                            1. 精通Java/Scala程序开发(至少一种)，熟悉Linux/Unix开发环境,2. 熟悉kafka、Spark Streaming和Spark SQL、hdfs、hive,2年以上实际项目开发经验,3.熟悉Spark/Hadoop生态系统；有Spark开发经验,4.java开发经验5年以上
                            ,郑福仁：董事长、公司创始人。北京理工大学计算机工学博士、副教授。2005年同时任教中国传媒大学，担任游戏教研室主任等职位。,康震：副总经理兼软件事业部总经理。近20年行业经验，具有丰富的企业经营管理经验，8年以上银行业务经验。商业智能领域数据处理方面有独到见解。",北京腾信软创科技股份有限公司,互联网,NULL,不需要融资,1000-9999人,NULL,2017/03/31,BOSS直聘,https://www.zhipin.com/job_detail/1410789649.html
运维 ,"Hadoop,kafka",NULL,北京-西城区,NULL,3-5年经验,本科,10000-15000,NULL,NULL,"地铁周边,领导nice,移动互联网,美女如云,年度旅游,公司氛围好","
                            1、对大数据计算平台如hadoop、storm有1-2年的运维经验，包括其各种组件的维护（tez、hive）,2、对kafka、logstash、filebeat、elasticsearch有一定的了解和使用,3、了解collectd、influxDB、Grafana、kapacitor ，有过运维经验最好
                            ,公司简介：,慧博云通(和易达)成立于2009年，是一家专注于IT服务领域的高科技企业，致力于向全球客户提供软件开发测试本地化、智能硬件检测与认证、移动通讯终端的测试和评估、云计算服务和解决方案以及金融解决方案等服务。",北京慧博云通科技股份有限公司,IT软件,NULL,已上市,1000-9999人,NULL,2017/03/31,BOSS直聘,https://www.zhipin.com/job_detail/1410782038.html
内容运营与数据分析专员 ,数据处理,NULL,北京-东城区,NULL,1-3年经验,本科,13000-18000,NULL,NULL,"带薪年假,扁平管理,互联网金融,领导nice,地铁周边,公司氛围好","
                            1、负责房地产交易疑难问题的收集、归纳、总结，负责指导、帮助专员解决交易疑难单。,2、针对交易中的突出问题，制定成体系的管理制度、操作标准，并负责抽查、监督管理制度和操作标准的落地。,3、开展数据分析与研究，监控交易流程、交易节点的时间及其变化趋势。,4、负责管理与服务银行等机构，联系与沟通不动产登记中心等政府机关。,任职资格,5、负责选定培训专题，对交易顾问进行定期培训，为交易顾问培训经纪人准备培训资料。,五、任职要求,1、统招一本及以上学历，法律、不动产、计算机等专业优先,2、具有良好的口头和书面表达能力、沟通能力及协调能力,3、具有敏锐的洞察力，善于学习，善于总结，能从实际现象中提炼出普遍规律,4、勤勉敬业，踏实细致，责任心强，有良好的团队意识，集体荣誉感强
                            ,年轻化、朝气蓬勃",北京中融信融资担保有限公司,金融,NULL,未融资,500-999人,NULL,2017/4/1,BOSS直聘,https://www.zhipin.com/job_detail/1410779169.html
资深数据挖掘工程师 ,"数据挖掘,机器学习,Spark",NULL,北京-大兴区,NULL,1-3年经验,本科,30000-60000,NULL,NULL,NULL,"
                            工作描述,1、基于京东商城复杂业务场景和海量数据环境进行深度数据挖掘，洞察业务痛点，提出数据解决方案并落地实现。,2、构建基于用户、商品、动态场景等高性能、强适应、可扩展数据挖掘模型和框架，有效支撑精准营销、广告、运营以及推荐搜索等业务需求。,工作职责 ,1、规划基于商品品类的用户画像模型体系建设，实现品类用户画像离线模型和线上动态模型的有机融合。   ,2、编码实现品类用户画像模型标签，尤其是有监督学习标签实现，并持续优化。 ,3、将品类用户画像模型与其他应用系统结合起来，最终达到精准品类用户细分、提升品类影响力、提高购物频次及GMV等效果提升,技能要求  ,1、精通主流机器学习算法，对贝叶斯、随机森林、SVM、神经网络、聚类、PCA等有深入应用和研究，,对机器学习框架XGBOOST LIBSVM LIBLINEAR有深入应用者优先  ,2、精通PYTHON  JAVA SCALA SHELL 等脚本语言，工程实现能力强   ,3、对特征工程、统计学习有深入研究和实际应用者优先,4、业务理解和沟通能力强，乐于分享，能够洞察业务痛点、提炼数据方案并落地实现。
                            ",北京京东尚科信息技术有限公司,互联网,NULL,已上市,10000人以上,NULL,2017/03/29,BOSS直聘,https://www.zhipin.com/job_detail/1410744410.html
数据运营 ,"数据分析,客户资源管理,客诉处理",NULL,北京-东城区,NULL,1-3年经验,大专,6000-9000,NULL,NULL,"地铁周边,领导nice,扁平管理,带薪年假,美女如云,公司氛围好,完美晋升计划","
                            岗位职责：负责与集团签约的银行总行客户的日常沟通及保持良性互动，加强巩固客户关系； 为现有已经合作银行总行客户提供优质服务，维护长期合作，并争取更多委案机会； 通过数据分析，提出业绩推动建设性意见； ,任职资格：,专科以及以上学历，善于沟通，谦虚，学习能力超强，执行力强，有一定数据处理能力，对于excel函数及数据透视有一定经验者优先。
                            ,高柏(中国)资本控股集团是一家上市港资大型多元化金融集团，总部设在香港，集团成立于1987年，大陆42个城市开设分公司。业务涉及:银行业风险控制服务，国内企业上市策划服务，欧美企业不良资产处置管理服务，商业诉讼支援服务。在业内获得中国人民银行、银监会、保监会等行业协会的高度认可。",高柏（中国）企业管理咨询有限公司,咨询/翻译/法律,NULL,不需要融资,1000-9999人,NULL,2017/4/1,BOSS直聘,https://www.zhipin.com/job_detail/1410806270.html
数据挖掘工程师 ,"数据挖掘,数据处理,IT支持",NULL,北京-丰台区,NULL,1-3年经验,硕士,8000-15000,NULL,NULL,NULL,"
                            入职条件： ,1. 全日制统招硕士及以上学历，计算机、软件、地理信息系统等相关专业，2年以上程序开发经验，10万行以上代码开发经验，处理过100万行以上的数据集。,2. 熟悉C/C++/Python/Java两门及以上语言的开发，有良好的编程习惯。编程风格良好，思维清晰，有单个工程3000行以上代码的开发经历；逻辑清晰，程序调试bug的时间小于程序设计及代码编写的时间的一半。,3. 熟悉主流关系数据库PostgreSQL、MySQL等，熟悉数据库的优化方法（参数设置、表格设计、分区分表、查询优化、执行计划查询），维护过单表1000万行以上的数据库。,4. 熟悉ArcGIS及快速制图，掌握概率论、随机过程的主要公式和思想，了解主要的数据挖掘算法。网络爬虫、数据挖掘有一定的理论基础和实战经验。具有一定的Linux、Hadoop、Spark基础。,5. 了解WAVE协议，了解NGTP车联网协议，之前没了解的能在面试前搜索到NGTP的协议文档并掌握。,6. 了解车联网、全球汽车与道路现状的优先。具有一定视频识别技术积累者优先。发表过数据科学相关高水平论文、专利者优先。,7. 工作地点：北京。招聘名额：1-2名。薪酬：8k-15k常规工资（80%基本+20%绩效）+10%对外项目提成，上不封顶。提供饭补。,工作职责：,1. 负责车联网产品的海量数据分析和挖掘工作。,2. 负责根据不同类型的问题研发数据结构和计算框架。,3. 参与海量数据的存储、查询和处理体系搭建开发。,4. 负责数据产品（例如密度图、在线异常）的核心算法进行研发、调优、测试和运维。,5. 负责数据资源获取、对数据质量进行审核、数据资源整理提升、形成数据图谱和数据词典说明，方便数据访用。,公司及岗位背景简介：,明智大数据属于明博智创（北京）软件技术有限责任公司，公司是数据分析挖掘软件产品和数据分析挖掘服务提供商，已经开发的软件明智大数据分析挖掘系统（SDABAS）连续三年获得中国数据分析挖掘领域最佳产品奖。公司控股股东是深圳市成为智能交通系统有限公司，软件及数据分析挖掘团队主要分布在深圳、西安、北京。现有近200TB数据有待分析挖掘，主要分布式存储在重庆、西安。,面试相关内容：,面试包括笔试、机试、面谈。笔试、机试各1小时，面试总共3小时左右。笔试主要考察统计与数据分析基础知识运用，机试主要考察大容量数据处理基本技能与算法理解运用，面谈主要考察编程代码能力与综合素质。部分应聘者西安技术人员会先电话面试。面试结果以机试、面谈为主，请作好充分准备。
                            ",明博智创（北京）软件技术有限责任公司,IT软件,NULL,NULL,0-20人,NULL,2017/03/15,BOSS直聘,https://www.zhipin.com/job_detail/1407063771.html
数据运营 ,"用户运营,内容运营,网络推广",NULL,北京-朝阳区,NULL,NULL,本科,4000-8000,NULL,NULL,NULL,"
                            数据收集、整理、验证,英语能力,有创造力、工作主动积极
                            ",中贸安（北京）国际信息咨询有限公司,数据服务,NULL,NULL,0-20人,NULL,2017/03/30,BOSS直聘,https://www.zhipin.com/job_detail/1410768982.html
Android工程师（优酷） ,"Android,Java",NULL,北京-海淀区,NULL,5-10年经验,本科,30000-45000,NULL,NULL,"带薪年假,年度旅游,美女如云,领导nice,移动互联网,公司氛围好,互联网金融,地铁周边","
                            岗位职责：,1.负责优酷Android客户端App开发工作；,2.负责系统、子系统和模块级的架构设计、概要设计工作；,3.负责性能调优，提高稳定性，负责发现并改进现有软件的的架构以及实现缺陷；,4.研究探索前沿技术，改进工具链，抽象设计并撰写通用中间件，来提高软件可用性，提高开发效率，降低维护成本等；,5.撰写开发文档以及单元测试。,岗位要求：,1.本科及以上学历，计算机相关专业；3年以上的Android开发经验，能独立完成模块开发和单元测试；,2.有大型Android项目开发经验，懂得处理并规避常见大型项目导致的特有问题。,3.熟悉Android app上的UI框架，懂得多分辨率适配的常用方法。,4.熟悉Android下网络通信机制，熟悉TCP/IP和http协议，对多线程，Socket通信有深刻的了解；,5.了解Android内存管理机制，了解Android底层的技术架构；,6.有良好的代码框架设计能力，熟悉常用设计模式，数据结构和算法，有良好的Java基础，对Html以及Javascript语言有一定了解；,7.熟悉各版本的SDK，熟悉不同版本的新特性以及版本差异，对不同厂商的Android系统特性有一定了解；,8.熟悉Android流行的开源组件以及框架。
                            ,目前与优酷、腾讯、华为、阿里UC、携程、苏宁合作，帮助推荐合适的开发和管理层岗位",成都钧瑶大数据服务有限公司,互联网,NULL,未融资,100-499人,NULL,2017/03/30,BOSS直聘,https://www.zhipin.com/job_detail/1410702394.html
数据运营 ,导航地图编辑,NULL,北京-NULL,NULL,1-3年经验,大专,5000-7000,NULL,NULL,"带薪年假,领导nice,公司氛围好,优秀团队,免费班车,团队建设,成熟晋升机制","
                            岗位职责：,负责道路基础数据的编辑、整合、发布工作,负责专业软件的测试管理,有一定项目管理能力,岗位要求：,负责道路基础数据的编辑、整合、发布工作,负责专业软件的测试管理,有一定项目管理能力
                            ,大型互联网平台，认真阅读职位要求，觉得自己的工作经历符合我的招聘条件可直接把简历发邮箱3124139103@qq.com",软通动力技术服务有限公司,IT软件,NULL,已上市,10000人以上,NULL,2017/03/26,BOSS直聘,https://www.zhipin.com/job_detail/1410694367.html
数据运营 ,"销售支持,数据分析,客户资源管理",NULL,北京-朝阳区,NULL,1年经验,本科,6000-12000,NULL,NULL,"帅哥多,领导好,绩效奖金,五险一金,带薪年假,美女多,股票期权,扁平管理","
                            1. 核心销售增长团队成员,2. 业务案例分析，数字化运营,3. 精益提升业务运营管理能力,4. 本科以上学历，有数据分析相关背景， 有国际化背景者优先
                            ,物联网创业 跨界创客 明星团队",轻停网络,互联网,NULL,A轮,20-99人,NULL,2017/03/27,BOSS直聘,https://www.zhipin.com/job_detail/1410712910.html
数据运营 ,"策略运营,ppt,数据分析",NULL,北京-海淀区,NULL,1-3年经验,本科,8000-14000,NULL,NULL,NULL,"
                            基于对业务的深刻理解，建立分析框架和推动数据建设，发现异常，找出原因，提出合理化策略建议，在落地过程中，给予相应的数据和分析支持。,具体的工作任务：,1.构建公司数据分析体系，输出数据分析报表；,2.从数据角度做业务诊断，为业务提供解决思路；,3.城市运营策略输出，城市业务进度管理。,任职要求：,1.热爱分析、思考透彻；,2.了解至少一种数据库管理系统（比如MS SQL Server、MySQL），熟悉SQL语言；,3.有咨询公司或互联网公司分析岗位经验优先；,4.具备良好的沟通协调能力，以及强大的执行推进能力；,5.善于学习，勇于创新，迅速接受新鲜事物；,6.工作积极主动，有较强的抗压能力。
                            ",北京小度信息科技有限公司,移动互联网,NULL,B轮,1000-9999人,NULL,2017/03/23,BOSS直聘,https://www.zhipin.com/job_detail/1410653660.html
数据运营 ,数据分析,NULL,北京-朝阳区,NULL,1-3年经验,本科,5000-8000,NULL,NULL,"互联网金融,商铺店租分期,实体商铺服务","
                            岗位职责：,1、负责项目的需求调研，数据采集及数据整理及分析工作。,2、参与业务部门临时数据分析需求的调研，分析及实现，对产品和运营提出优化建议。,3、能根据公司项目不同行业的数据进行经营分析，形成公司运营风控数据分析模版，优化运营风控项目调研及分析流程。,4、熟悉互联网运营风控相关工作经验。,5、需细致、有责任感、沟通能力强。,岗位要求：,1、大学学历及以上。,2、有财务工作经验以及懂得财务管理数据分析。,3、愿意主动积极沟通，思路清晰，逻辑性强，对数学敏感。,4、2年以上互联网运营及数据分析经验。,5、有互联网运营工作经验。
                            ,经历过从0到1的二次创业团队",北京典新科技有限公司,互联网,NULL,天使轮,20-99人,NULL,2017/03/30,BOSS直聘,https://www.zhipin.com/job_detail/1410758132.html
数据运营 ,"销售支持,内容运营,数据分析",NULL,北京-通州区,NULL,NULL,本科,4000-6000,NULL,NULL,"年终分红,移动互联网,领导nice,地铁周边,智能硬件","
                            负责公司支付宝口碑项目的数据支持/数据分析/整理BD需求。
                            ,马上支付是从事银行卡收单服务，并是自有IT研发团队，逐渐跟随移动支付大浪潮，化身综合的支付服务商。公司高层从事支付行业达5年以上，有丰富的行业经验。",北京马上支付网络科技有限公司,金融,NULL,未融资,20-99人,NULL,2017/03/30,BOSS直聘,https://www.zhipin.com/job_detail/1410773251.html
数据运营 ,"数据分析,新媒体运营",NULL,北京-朝阳区,NULL,NULL,大专,4000-5000,NULL,NULL,NULL,"
                            统计数据，熟悉电脑。
                            ",风尚云起文化传媒（北京）有限公司,电子商务,NULL,NULL,20-99人,NULL,2017/03/30,BOSS直聘,https://www.zhipin.com/job_detail/1410772561.html
数据运营 ,数据分析,NULL,北京-朝阳区,NULL,3-5年经验,本科,8000-15000,NULL,NULL,"股票期权,带薪年假,美女如云,领导nice,扁平管理,地铁周边,移动互联网,公司氛围好","
                            1. 结合业务需求，建立合理的数据分析模型体系，为产品和运营提供支持；,2. 对运营数据进行监控分析，根据数据情况快速有效的定位问题并提出解决方案；,3. 负责规划运营数据结构，推动用户路径设计，通过梳理用户使用产品的场景、行为路径、转化率等进行分析；,4. 对运营数据进行挖掘和分析，对产品改进、流量转化、用户量提升、内容改进予以数据支持和合理建议；,5. 负责用户行为调研，通过海量数据的挖掘和分析，形成报告；,6. 撰写周报，日报；提供各种运营数据分析的报表和报告。,任职要求：,1. 本科及以上学历，统计学、应用数学、计算机等相关专业；,2. 两年以上互联网业务数据分析、挖掘方面经验；,3. 较强的数据敏感度，逻辑分析能力及解决问题的能力；,4. 富有创业精神，有良好的抗压能力。
                            ,创始人及团队在外包领域有十几年经验，希望通过互联网模式打通线上线下。公司获得A轮融资",北京康利海文电子商务有限公司,电子商务,NULL,NULL,20-99人,NULL,2017/4/1,BOSS直聘,https://www.zhipin.com/job_detail/1410793360.html
数据运营 ,"支付,运营,数据分析",NULL,北京-朝阳区,NULL,1-3年经验,大专,4000-6000,NULL,NULL,"年度旅游,五险一金,年底双薪,弹性工作,全勤奖,节日福利","
                            岗位职责：,1、协助部门经理完成各类渠道信息的收集、整理和汇总；,2、负责渠道接入前的各项工作及进度跟进；,3、负责渠道运营相关数据的统计、分析；,4、负责跟进渠道开发进度并及时处理相应问题；,5、负责定期维护工作；,6、完成部门经理交办的其他事项。 ,任职要求：,1、大专（含）以上学历，专业不限；,2、2年以上正式工作经历。有互联网金融、第三方支付产品运营相关工作经验优先；,3、较强的数据分析能力，熟练使用各办公软件； ,4、具备较强的学习能力、分析能力及应变能力；,5、具备良好的思维逻辑能力，工作投入，精力充沛，抗压性强，有强烈的责任心和团队合作意识。
                            ,重庆聚禾富科技有限公司，是由第三方支付、互联网金融、移动互联网应用、电信运营商等行业资深人士共同组建的高科技支付创新金融服务公司。",聚禾富（北京）信息科技服务有限公司,互联网,NULL,未融资,20-99人,NULL,2017/03/31,BOSS直聘,https://www.zhipin.com/job_detail/1410793527.html
数据运营 ,"mapinf,arcgis",NULL,北京-NULL,NULL,1-3年经验,大专,7000-10000,NULL,NULL,"移动互联网,扁平管理,带薪年假","
                            岗位职责,1.导航数据预处理,2.导航数据融合处理,岗位要求,1.全职、稳定长期工作；,2.大专及以上学历，测绘、GIS、计算机专业优先；,3.有导航地图数据生产经验，尤其具有路网、背景、步行导航数据生产经验优先，熟练使用mapinfo、arcgis、QGis软件；,4.较强学习理解能力、沟通协调能力，有一定的项目管理经验优先；,5.认真仔细、责任心强、积极上进。
                            ,想融入腾讯的工作队伍吗，进来吧。",中软国际科技服务有限公司,IT软件,NULL,已上市,10000人以上,NULL,2017/03/31,BOSS直聘,https://www.zhipin.com/job_detail/1410741896.html
数据分析师 ,"数据分析,用户增长,竞品分析",NULL,北京-朝阳区,NULL,3-5年经验,本科,15000-30000,NULL,NULL,NULL,"
                            岗位职责：, 1、对一点资讯亿级别用户行为数据进行分析、监控和挖掘；, 2、支持产品团队，从数据帮助产品找到产品优化提升的方向；, 3、与运营团队配合，用数据指导运营工作，以数据驱动用户的活跃。,4、 与用户增长团队配合，通过数据方法协助高效的获取用户。,任职资格,1、本科及以上学历，计算机、统计学、数学等相关专业优先；,2、有丰富的数据分析或数据挖掘经验。有IT大数据分析经验，咨询公司数据分析经验、互联网数据建模分析经验者优先；,3、熟练使用 SQL 进行数据地查询与处理，掌握 Tableau/R/Python 等分析工具者优先；,4、能快速理解业务，发掘业务细节和数据之间的联系；,5、有一线产品或运营业务优化经验者优先；
                            ",北京一点网聚信息技术有限公司,移动互联网,NULL,D轮及以上,500-999人,NULL,2017/03/29,BOSS直聘,https://www.zhipin.com/job_detail/1410740883.html
数据运营 ,"运营,数据分析",NULL,北京-朝阳区,NULL,3-5年经验,本科,8000-16000,NULL,NULL,"股票期权,年度旅游,地铁周边,带薪年假,公司氛围好,免费零食,扁平管理,美女如云","
                            岗位职责：,1、对产品数据进行分析，寻求各种合理方式以促进产品的在线人数与收入提升，提升产品的生命力；,2、协调研发团队与手游渠道，为游戏上线做好版本准备以及游戏上线后的运营情况跟踪；,3、根据产品CB测试情况，给出对应的产品整改方案，通过优化调试来提升产品竞争力；,4、负责业内相关产品监测，关注行业动态，适时调整运营策略；,5、及时了解和分析玩家情况、游戏在线情况，反馈于研发团队并利用运营手段解决问题、提升收入；,6、产品运营过程中的突发事件的决策和处理；,职位要求：,1、本科及以上学历，至少1个以上数据分析及运营经验,2、游戏行业工作经验背景优先，熟悉手机游戏运营体系，有线上手机游戏运营经验，了解基本的手机游戏研发、运营方式；,3、善于通过数据分析与挖掘改善运营效果，具备较强的独立解决问题的能力，成功运营过1款流水过百万以上手游优先考虑,4、优秀的责任心和敬业精神，品行端正，良好的沟通力和亲和力；,5、具备发现问题并且解决问题的能力，具备较强的服务意识和跨部门协调能力。
                            ,智明星通，国内知名社交游戏公司，创立于2008年已成为中国互联网企业国际化过程的一家标杆企业。公司员工总数450人，总部设于中国北京，并在中国合肥、中国香港、巴西圣保罗、台湾等地设有分支机构。腾讯（HK: 00700）作为中国最大的互联网集团在2009年战略投资智明星通，共同开拓海外新兴国家市场。",北京智明星通科技股份有限公司,互联网,NULL,已上市,500-999人,NULL,2017/03/30,BOSS直聘,https://www.zhipin.com/job_detail/1410759844.html
数据运营 ,"策略运营,产品运营,数据分析",NULL,北京-朝阳区,NULL,1-3年经验,本科,6000-10000,NULL,NULL,NULL,"
                            岗位职责：,1、挖掘客户需求，制定数据营销的运营策略、推广计划并实施，有效管理推广效果，完成客户需求；,2、负责监控广告投放数据，从广告位置、素材、定向等发面完成实时优化；协调设计团队设计高效的广告创意；,3、负责制作数据报表和总结分析报告，优化数据营销方案，最大化营销效果；,4、制作案例总结。,岗位要求： ,1、本科及以上学历；,2、有1-3年程序化广告账户操作工作经验，对各大信息流媒体有深入的了解，对广告账户有清晰的定位和思路；,3、具有一定的数据分析能力，熟练使用EXCEL等办公软件；,4、工作认真负责，具有良好的跨部门沟通与协作能力、抗压能力。
                            ",北京传世悦动科技有限公司,互联网,NULL,NULL,20-99人,NULL,2017/4/1,BOSS直聘,https://www.zhipin.com/job_detail/1410807791.html
数据分析 ,"函数,数据透视",NULL,北京-东城区,NULL,1-3年经验,本科,4000-6000,NULL,NULL,"带薪年假,领导nice,公司氛围好,地铁周边,欢乐下午茶","
                            岗位职责：,1.按照部门提供的数据进行数据分析，为部门领导决策提供数据支持；,2.协助完成业务模板的制作，编写计算公式；,3.汇总核查各分公司数据，完成业务部门日报、周报、月报；,4.为业务部门的激励政策制定、调整提供数据支持；, ,任职要求：,1.统招全日制专科及以上学历，数学、统计学、金融工程、计算机等相关专业背景；,2.熟练使用Excel数据透视表、vlookup等函数；,3.思路开阔、灵活，具有较强的学习与探索能力，能够独立、积极、主动发现业务问题，有带团队经验并善于与团队成员沟通表达自己对业务的想法；,4.具有较强的定性、定量分析能力，具有准确把握政策的能力，责任心强，有良好的合作精神，沟通能力较强；,5.熟练掌握常用办公软件，具有良好的沟通能力。
                            ,北京众信优联科技有限公司是一家创新型互联网企业，总部位于北京市东城区银河SOHO。秉持公正、中立、客观的第三方立场，坚持开放互补的数据联盟战略，致力于运用新技术、新手段，为金融机构搭建营销与风控体系。是一家业务涉及催收以及专业平台等领域的第三方风控及营销服务提供商。",北京众信优联科技有限公司,金融,NULL,A轮,100-499人,NULL,2017/03/30,BOSS直聘,https://www.zhipin.com/job_detail/1410759551.html
数据运营 ,"用户分析,数据分析,数据分析总结",NULL,北京-朝阳区,NULL,5-10年经验,本科,10000-20000,NULL,NULL,NULL,"
                            工作职责：,1、建立数据分析及数据挖掘的业务分析框架体系，为管理层决策和各业务策略提供有质量的数据支持,2、建立预警机制，通过业务数据监控能快速精准发现问题，并通过深入分析，推动策略及运营部门沟通解决,3、负责对数据库信息进行深度挖掘和有效利用，竞对研究，充分实现数据的商业价值,4、基于项目及业务需求，协助策略及运营等部门完成数据整理、分析等常规工作,5、跟踪并分析用户行为，为产品决策及产品设计进行数据支持,6、通过数据分析总结产品阶段特征及未来探索方向,任职资格：,1、统招本科及以上学历，数学类、统计类、经济类、社会学专业，5年以上工作经验,2、3年以上的数据分析/数据挖掘相关工作经验，对数据化管理有一定的理解，有电商、信贷业务、互联网金融领域数据分析及BI经验者优先,3、具有良好的商业敏感度和数据分析技能，能够开发创新而实用的分析方法发现问题,4、熟悉SAS、SPSS等统计分析软件，熟悉 SQL，熟悉数据挖掘的常用算法,5、较强沟通能力，能独立开展工作、工作积极主动，具备团队合作精神，能够承受较强的工作压力,6、有团队管理经验
                            ",重庆乐视小额贷款有限公司,金融,NULL,未融资,100-499人,NULL,2017/4/1,BOSS直聘,https://www.zhipin.com/job_detail/1410807306.html
数据分析 ,分析师,NULL,北京-朝阳区,NULL,3-5年经验,本科,20000-21000,NULL,NULL,NULL,"
                            【岗位职责】：,从数据层面驱动公司业务的增长&优化，包括但不限于：,1、对既有业务流程&数据进行梳理、挖掘，搭建相关业务数据分析体系，确保业务稳定高效运行；,2、通过科学严谨的方法进行用户画像，把握用户生命周期，提升客户价值；,3、通过模型化方法实现流程、定价等经营策略的优化；,4、提炼商业模型，参与公司经营计划的制定工作。,【任职资格】：,1、硕士及以上学历，计量经济、统计、计算机等相关专业，1年以上相关经验或有相关学术成果；,2、熟练掌握至少一门数据库语言；,3、优秀的数据建模&逻辑思维能力，熟练使用至少一种数据建模工具。具备解决多方程联立模型的能力则更佳；,4、强烈的责任心，以及运用模型&技术手段解决实际问题的能力&动力；,5、严谨细致，追求极致的个性。
                            ",北京三快在线科技有限公司,O2O,NULL,D轮及以上,10000人以上,NULL,2017/03/24,BOSS直聘,https://www.zhipin.com/job_detail/1410677911.html
投资经理 ,"行业研究,经营分析,投资",NULL,北京-朝阳区,NULL,3-5年经验,本科,20000-40000,NULL,NULL,NULL,"
                            【岗位职责】：,1.根据公司战略投资要求，独立寻找、开发和筛选项目，进行拟投资项目的前期调研和可行性分析；,2.熟悉所投行业，对行业趋势进行判断，撰写行业研究报告；,3. 能够独立完成从所投资项目的执行，包括立项、尽职调查、撰写投资建议书、进行交易结构设计、估值，以及项目谈判和协议签署等；,4.参与项目投后管理工作，配合已投项目的业务分析、跟踪与风险监控；,5.负责投资者关系的开发及维护；,6.其他相关工作。,【任职资格】：,1.重点院校金融、财经、法律、管理等相关专业硕士以上学历，业务能力突出者可放宽至本科；,2.年龄在32岁以下，具有3年及3年以上知名投资机构、大型企业集团、会计师事务所、律师事务所等投资类工作从业经验，具有独立获取项目能力者优先； ,3.熟悉相关投资并购流程，具有优秀投资成功案例者优先；具有国有控股企业投资和大数据相关产业投资经验者优先；,4.抗压能力强，具有优秀的沟通谈判能力、逻辑分析能力，并能适应长期出差；,5.具有法律、财务专长者优先。
                            ",哈工大大数据产业有限公司,IT软件,NULL,A轮,100-499人,NULL,2017/03/30,BOSS直聘,https://www.zhipin.com/job_detail/1410707808.html
资深广告数据分析师 ,"数据分析,数据运营,广告",NULL,北京-NULL,NULL,5-10年经验,硕士,15000-30000,NULL,NULL,"股票期权,扁平管理,移动互联网,移动广告,专注海外业务","
                            工作职责:,1、对广告数据进行分析、监控，并进行统计建模分析；,2、监控广告请求、填充、展示、点击、CTR、eCPM等核心数据，完成常规产品日/周/月报；,3、定期分析行业产品，输出分析报告，指导运营工作。,任职资格：,1、数学、统计学、计算机相关专业背景优先；,2、至少2年移动互联网行业广告运营的工作经验，了解Facebook/Admob/腾讯广点通等广告平台优先；,3、熟练使用Excel, SQL，R/Python 等数据处理和分析工具，进行数据清洗、分析；,4、数据逻辑清晰、沟通能力强，主动思考、善于发现问题，抗压力强，具有团队合作精神；,5、具有优秀的数据分析能力，能快速理解业务，并设计相应的数据模型。
                            ,专注海外（美国、英国、德国、法国、印度、印尼等国家市场）的移动互联网公司，2017年公司正在高速增长，员工数将从200多人增长到500人，今天加入，明天就有希望成为团队骨干！公司非常锻炼人，能学到很多东西！",北京麒麟朗驰科技有限公司,互联网,NULL,NULL,100-499人,NULL,2017/03/31,BOSS直聘,https://www.zhipin.com/job_detail/1410778071.html
技术总监 ,"系统架构,高级技术管理,技术管理",NULL,北京-海淀区,NULL,5-10年经验,硕士,25000-40000,NULL,NULL,NULL,"
                            岗位职责：,1、根据产品和项目需求，分析、设计与实现系统架构方案，保障系统架构的合理性、可扩展性；,2、负责产品和项目架构分析，提出软硬件架构整体设计，数据库存储设计方案，指导团队的设计和开发工作；,3、负责核心技术问题的攻关，解决产品和项目开发过程中的技术难题；,5、制定开发规范，参与制定技术标准，编写相应的技术文档；,6、积极了解相关新技术及趋势，提升研发的效率和质量。,任职资格：,1、计算机等相关专业本科以上学历，5年以上互联网产品设计、网站开发经验，精通Java/JavaScript/PHP等语言；,2、精通大规模系统的J2EE架构技术，精通常见开源框架和技术，对框架本身有过开发或重构者优先考虑；,3、熟悉主流应用服务器的架构体系、数据库以及各种中间件技术；,4、精通常用设计模式和主流设计、集成开发环境，能进行系统建模、总体设计；,5、熟悉大规模系统的负载均衡、缓存、网络存储、网络安全、数据库高可用设计及性能评估机制，有成功架构设计案例；,6、具备良好的文档撰写能力，良好的抽象思维和逻辑思维能力，独立分析问题解决问题的能力；,7、具备海量数据高性能分析及处理的成熟经验者优先；,8、可承受较大压力，有责任感，较强的沟通协调能力，可带领团队，具有团队合作精神。,简言之：我们要找的是一位既懂技术又懂管理的大牛！是你吗？
                            ",深圳未来大数据服务有限公司,互联网,NULL,不需要融资,20-99人,NULL,2017/03/27,BOSS直聘,https://www.zhipin.com/job_detail/1410711089.html
大数据运维工程师 ,"运维开发,Hadoop,数据架构",NULL,北京-朝阳区,NULL,1-3年经验,大专,10000-15000,NULL,NULL,NULL,"
                            岗位职责：,1、负责大数据平台架构设计（hadoop，spark）撰写设计文档，集群搭建、性能调优，提高稳定性；,2、能够针对源码进行bug修复和设计需求进行调整；,3、负责解决大数据平台开发与运维问题的总体思路；,4、为大数据平台开发团队提供技术支持，解决技术难题；,任职要求：,1、有Hadoop系统架构设计经验，有成熟项目的经验；,2、熟悉UML，架构设计原则，设计模式等；,3、精通Hadoop部署、开发、运维、管理优化；,4、精通hadoop，Hbase核心架构和运作原理及性能调优，读过 Hadoop ，Hbase 核心代码；,5、精通Java编程，熟悉脚本语言(Shell/Python/Perl其中一种)；,6、熟悉实时分析框架如Storm、Spark Streaming；,7、熟悉hadoop生态圈周围产品，包括Spark、Hive、Flume、Kafka 、Zookeeper、oozie 等等。
                            ",江苏曲速教育科技有限公司,互联网,NULL,B轮,100-499人,NULL,2017/12/05,BOSS直聘,https://www.zhipin.com/job_detail/1406463894.html
数据分析经理 ,数据分析经理,NULL,北京-东城区,NULL,5-10年经验,本科,16000-20000,NULL,NULL,NULL,"
                            岗位职责：,1.负责制定数据统计规范，设计统计及分析模板；按照部门提供的数据进行数据分析，为CEO决策提供数据支持；,2.业务模板的制作，编写计算公式,不断改善数据质量；,3.负责大数据提取，自动化报表设计开发工作；,4.汇总核查各分公司数据，负责各项运营数据统计与分析工作，并能结合运营实际，提出改善意见，撰写各项运营问题分析报告。,任职资格：,1.统招全日制本科及以上学历，数学、统计学、金融工程、计算机等相关专业背景，5年以上数据分析相关工作经验，2年以上的团队管理经验，催收及金融行业经验者优先考虑。,2.熟练运用数据统计分析等相关软件，SQL、最好熟悉统计分析软件（SPSS、R等等）,3.思路开阔、灵活，具有较强的学习与探索能力，能够独立、积极、主动发现业务问题，并善于与团队表达自己对业务的想法；,4.个人特质：有激情、思维灵活。
                            ",三岛中融资产管理有限公司,金融,NULL,未融资,500-999人,NULL,2017/4/1,BOSS直聘,https://www.zhipin.com/job_detail/1410805895.html
数据分析师 ,"数据分析,数据处理,数据挖掘",NULL,北京-丰台区,NULL,1-3年经验,硕士,7000-14000,NULL,NULL,NULL,"
                            数据分析师（统计建模方向）,入职要求：,1. 全日制统招数学、统计学、数量经济学、计算机或相关专业硕士及以上学历；,2. 具有1-3年的数据分析、数据建模工作经验，熟悉SPSS、Excel、SQL。,3. 熟练掌握统计分析、计量回归、数学建模方法及机器学习常见算法，熟悉SAS、R、Matlab、Stata，至少精通其中一种，具有1万行以上建模编程经验，有单个算法200行以上代码的建模经历。,4. 具有良好的逻辑分析、沟通交流、文字语言表达和展现能力。具有强烈责任心，性格开放，能够在压力下开展工作，善于团队协作。,5. 具有一定行业分析经验，特别是车联网、保险相关行业，具有一定的运动力学与精算分析基础。善于学习，执行力强，能独立承担起项目数据分析及建模工作。,6. 工作地点：北京。招聘名额：2名。薪酬：7k-14k常规工资(70%基本+30%绩效)+10%对外项目提成，上不封顶。提供饭补。,工作职责：,1. 对客户行业具体业务的核心数据进行数据分析，特别是车联网、保险业务。,2. 利用数学建模方法很好解决实际问题。建立数据分析模型；跟踪检测模型的准确性，对模型进行调整；协助制定模型使用的方案，提升业务效率；研究不同模型方法，修改建模维度。特别是对车联网、保险数据进行行为分析、团个车风险识别与评估、车辆风险管理与精算预测。,3. 为公司提供数据支持，形成报表。通过对业务数据、客户行为数据的分析，结合调研评估，对车辆风险控制指标分析，建立风险模型，提升风险管理水平，对公司、团车、个车提出相应建议。,4. 短期内熟练掌握公司自主开发的数据挖掘软件SDABAS DM、PA、SD，能够用其进行数据分析、建模、展示，独立开展项目数据分析及建模工作。,公司及岗位背景简介,明智大数据属于明博智创（北京）软件技术有限责任公司，公司是数据分析挖掘软件产品和数据分析挖掘服务提供商，已经开发的软件明智大数据分析挖掘系统（SDABAS）连续三年获得中国数据分析挖掘领域最佳产品奖。公司控股股东是深圳市成为智能交通系统有限公司，软件及数据分析挖掘团队主要分布在深圳、西安、北京。现有近200TB数据有待分析挖掘，主要分布式存储在重庆、西安。,面试相关内容。,面试包括笔试、机试、面谈。笔试、机试各1小时，面试总共2.5小时左右。笔试主要考察统计与数据分析基础知识运用，机试主要考察大容量数据处理基本技能与算法理解运用。部分应聘者西安技术人员会先电话面试。面试结果以笔试、机试为主，请作好充分准备。
                            ",明博智创（北京）软件技术有限责任公司,IT软件,NULL,NULL,0-20人,NULL,2017/03/15,BOSS直聘,https://www.zhipin.com/job_detail/1407063665.html
数据分析（业务分析）师 ,SQL MY,NULL,北京-海淀区,NULL,3-5年经验,本科,20000-37000,NULL,NULL,NULL,"
                            岗位职责：,1. 负责业务数据监控，及时跟进业务异动，输出周期性数据分析报告；,2. 根据业务需要，负责数据提取，并对各类数据进行验证核对，确保数据的准确性、有效性；,3. 通过数据分析，对业务KPI提升提出可落地的方案，并协助业务提升指标； , 任职要求： ,1. 本科及以上学历，统计、数据类相关专业优先考虑；,2. 熟练使用Office办公软件，掌握SQL、Mysql等语言，能够进行数据库查询；,3. 逻辑严谨细致，工作踏实认真；,4. 有较好的服务意识，具备协调和抗压能力，及团队协作意识。,5. 有数据分析工作经验者优先。
                            ",北京乐住信息技术有限公司,金融,NULL,NULL,500-999人,NULL,2017/4/1,BOSS直聘,https://www.zhipin.com/job_detail/1410807611.html
数据建模研究员 ,"数据挖掘,机器学习",NULL,北京-海淀区,NULL,NULL,硕士,20000-40000,NULL,NULL,"股票期权,带薪年假,年终分红,扁平管理,领导nice,公司氛围好,地铁周边,大数据龙头","
                            岗位职责：,1. 参与公司大数据建模项目，依据CRISP-DM标准建模流程，完成模型由需求到上线部署，以及模型实际应用后的参数调优；,2. 参与公司大数据产品设计，为数据产品的设计提供相应支持；,3. 参与模型理论设计论证讨论，在个人研究的垂直细分领域进行深入的建模研究工作；,4. 参与高校的学术研讨会或联合相关研究人员，发表数据建模相关研究成果；,5. 支撑公司战略核心产品的研发工作。,:,任职资格：(学历和职业资格证、工作经验、特殊技能和性格),博士学位，硕士学位（三年以上工作经验），计算机，数学，物理，统计学，通信，认知学或相关专业；,英文读写能力强，精通Python，R编程，有三年以上C++或JAVA经验也可以，有深度学习框架使用开发经验优先；,具有较强的沟通能力和资源整合能力； ,热衷于技术创新，适应在高强度的工作压力，善于运用资源拿到结果；,对数据挖掘建模兴趣浓厚，志在成为数据科学家。,有机器学习和推荐， 分布式计算系统， 大规模优化算法，熟悉贝叶斯模型和Graphical models等经验人士优先考虑，录取条件可适当降低。
                            ,目前b轮，估值30亿，各种岗位欢迎咨询。",九次方大数据,数据服务,NULL,C轮,1000-9999人,NULL,2017/02/28,BOSS直聘,https://www.zhipin.com/job_detail/1407131728.html
